{"name":"3360e3f8-561e-4301-859b-98ce9d6c4c10","id":"/providers/Microsoft.Flow/flows/3360e3f8-561e-4301-859b-98ce9d6c4c10","type":"Microsoft.Flow/flows","properties":{"apiId":"/providers/Microsoft.PowerApps/apis/shared_logicflows","displayName":"New Employee Onboarding Flow","definition":{"metadata":{"workflowEntityId":null,"creator":{"id":"c6074685-02bc-4bb0-8908-7eb40e3dbbde","type":"User","tenantId":"e5670c64-747d-4682-9c55-bae5601793fa"},"provisioningMethod":"FromDefinition","failureAlertSubscription":true,"clientLastModifiedTime":"2019-09-20T16:21:22.2591137Z"},"$schema":"https://schema.management.azure.com/providers/Microsoft.Logic/schemas/2016-06-01/workflowdefinition.json#","contentVersion":"1.0.0.0","parameters":{"$connections":{"defaultValue":{},"type":"Object"},"$authentication":{"defaultValue":{},"type":"SecureObject"}},"triggers":{"When_BPF_is_updated":{"metadata":{"flowSystemMetadata":{"swaggerOperationId":"SubscribeOnUpdatedItems"}},"type":"ApiConnectionWebhook","inputs":{"host":{"connection":{"name":"@parameters('$connections')['shared_commondataservice_1']['connectionId']"},"api":{"runtimeUrl":"https://flow-apim-msmanaged-na-westus2-01.azure-apim.net/apim/commondataservice"}},"body":{"NotificationUrl":"@{listCallbackUrl()}"},"path":"/datasets/@{encodeURIComponent(encodeURIComponent('org800f1f49.crm'))}/tables/@{encodeURIComponent(encodeURIComponent('new_newemployeeonboardings'))}/onupdateditemswebhook","queries":{"scope":"Organization"},"authentication":"@parameters('$authentication')"}}},"actions":{"Get_the_Active_Stage":{"runAfter":{},"metadata":{"flowSystemMetadata":{"swaggerOperationId":"GetItem_V2"}},"type":"ApiConnection","inputs":{"host":{"connection":{"name":"@parameters('$connections')['shared_commondataservice_1']['connectionId']"},"api":{"runtimeUrl":"https://flow-apim-msmanaged-na-westus2-01.azure-apim.net/apim/commondataservice"}},"method":"get","path":"/v2/datasets/@{encodeURIComponent(encodeURIComponent('org800f1f49.crm'))}/tables/@{encodeURIComponent(encodeURIComponent('processstages'))}/items/@{encodeURIComponent(encodeURIComponent(triggerBody()?['_activestageid_value']))}","authentication":"@parameters('$authentication')"}},"Get_the_employee_information_for_this_BPF":{"runAfter":{"Get_the_Active_Stage":["Succeeded"]},"metadata":{"flowSystemMetadata":{"swaggerOperationId":"GetItem_V2"}},"type":"ApiConnection","inputs":{"host":{"connection":{"name":"@parameters('$connections')['shared_commondataservice_1']['connectionId']"},"api":{"runtimeUrl":"https://flow-apim-msmanaged-na-westus2-01.azure-apim.net/apim/commondataservice"}},"method":"get","path":"/v2/datasets/@{encodeURIComponent(encodeURIComponent('org800f1f49.crm'))}/tables/@{encodeURIComponent(encodeURIComponent('cre25_employeeinformations'))}/items/@{encodeURIComponent(encodeURIComponent(triggerBody()?['_bpf_cre25_employeeinformationid_value']))}","authentication":"@parameters('$authentication')"}},"Create_BPF_URL":{"runAfter":{"Initialize_Full_start_date_of_employee_variable":["Succeeded"]},"type":"InitializeVariable","inputs":{"variables":[{"name":"Employee Record URL","type":"String","value":"https://orgcc820cae.crm.dynamics.com/main.aspx?appid=ad8098cd-b0b7-e911-a83e-000d3a175eeb&pagetype=entityrecord&etn=cre25_employeeinformation&id=@{triggerBody()?['_bpf_cre25_employeeinformationid_value']}"}]}},"Switch":{"runAfter":{"Insert_record_for_the_1st_time_only_(during_Reporting_manager_stage)":["Succeeded"]},"cases":{"Notify_Recruiting_team":{"case":"Personal Information","actions":{"Email_to_Recruiter":{"runAfter":{"Convert_time_zone_(recruiter)":["Succeeded"]},"metadata":{"flowSystemMetadata":{"swaggerOperationId":"SendEmailV3"}},"type":"ApiConnection","inputs":{"host":{"connection":{"name":"@parameters('$connections')['shared_sendmail']['connectionId']"},"api":{"runtimeUrl":"https://flow-apim-msmanaged-na-centralus-01.azure-apim.net/apim/sendmail"}},"method":"post","body":{"to":"AGoel@highresbio.com;","subject":"We have new hire: @{body('Get_the_employee_information_for_this_BPF')?['cre25_fullname']}","text":"<p>Hi Recruiting team,<br>\n<br>\nWe have new hire in the team.<br>\n<br>\nEmployee name: @{body('Get_the_employee_information_for_this_BPF')?['cre25_fullname']}<br>\nStart Date: @{body('Convert_time_zone_(recruiter)')}<br>\n<br>\nPlease take a moment to complete the information.<br>\n<br>\nAccess information here: @{variables('Employee Record URL')}<br>\n<br>\nRegards,<br>\nHighres Onboarding team</p>","ishtml":true},"path":"/v3/mail/send","authentication":"@parameters('$authentication')"}},"Convert_time_zone_(recruiter)":{"runAfter":{},"type":"Expression","kind":"ConvertTimeZone","inputs":{"baseTime":"@body('Get_the_employee_information_for_this_BPF')?['cre25_startdate']","formatString":"D","sourceTimeZone":"UTC","destinationTimeZone":"UTC"}}}},"Notify_Reporting_Manager":{"case":"Reporting Manager","actions":{"Email_to_Reporting_Manager":{"runAfter":{"Get_user_profile_(V2)":["Succeeded"]},"metadata":{"flowSystemMetadata":{"swaggerOperationId":"SendEmailV3"}},"type":"ApiConnection","inputs":{"host":{"connection":{"name":"@parameters('$connections')['shared_sendmail']['connectionId']"},"api":{"runtimeUrl":"https://flow-apim-msmanaged-na-centralus-01.azure-apim.net/apim/sendmail"}},"method":"post","body":{"to":"@{body('Get_the_employee_information_for_this_BPF')?['cre25_reportingmanager']};","subject":"We have new hire: @{body('Get_the_employee_information_for_this_BPF')?['cre25_fullname']}","text":"<p>Hi @{body('Get_user_profile_(V2)')?['givenName']},<br>\n<br>\nWe have new hire in the team.</p>\n<ul>\n  <li>Employee Name: @{body('Get_the_employee_information_for_this_BPF')?['cre25_fullname']}</li>\n  <li>Start Date: @{body('Convert_time_zone_(reporting_manager)')}</li>\n  <li>Joining in: @{variables('Difference between Start date and today''s date')} days</li>\n</ul>\n<p>Please take a moment to complete the information.<br>\n<br>\nAccess information here: @{variables('Employee Record URL')}<br>\n<br>\nRegards,<br>\nHighres Onboarding team</p>","ishtml":true},"path":"/v3/mail/send","authentication":"@parameters('$authentication')"}},"Convert_time_zone_(reporting_manager)":{"runAfter":{},"type":"Expression","kind":"ConvertTimeZone","inputs":{"baseTime":"@body('Get_the_employee_information_for_this_BPF')?['cre25_startdate']","formatString":"D","sourceTimeZone":"UTC","destinationTimeZone":"UTC"}},"Get_user_profile_(V2)":{"runAfter":{"Convert_time_zone_(reporting_manager)":["Succeeded"]},"metadata":{"flowSystemMetadata":{"swaggerOperationId":"UserProfile_V2"}},"type":"ApiConnection","inputs":{"host":{"connection":{"name":"@parameters('$connections')['shared_office365users']['connectionId']"},"api":{"runtimeUrl":"https://flow-apim-msmanaged-na-eastus2-01.azure-apim.net/apim/office365users"}},"method":"get","path":"/codeless/v1.0/users/@{encodeURIComponent(body('Get_the_employee_information_for_this_BPF')?['cre25_reportingmanager'])}","authentication":"@parameters('$authentication')"}},"Post_your_own_adaptive_card_as_the_Flow_bot_to_a_user_2":{"runAfter":{"Email_to_Reporting_Manager":["Succeeded"]},"metadata":{"flowSystemMetadata":{"swaggerOperationId":"PostUserAdaptiveCard"}},"type":"ApiConnection","inputs":{"host":{"connection":{"name":"@parameters('$connections')['shared_teams']['connectionId']"},"api":{"runtimeUrl":"https://flow-apim-msmanaged-na-eastus2-01.azure-apim.net/apim/teams"}},"method":"post","body":{"recipient":{"to":"AGoel@highresbio.com;"},"messageBody":"{\n    \"type\": \"AdaptiveCard\",\n    \"body\": [\n        {\n            \"type\": \"TextBlock\",\n            \"size\": \"Medium\",\n            \"weight\": \"Bolder\",\n            \"text\": \"New Employee Onboarded\"\n        },\n        {\n            \"type\": \"ColumnSet\",\n            \"columns\": [\n                {\n                    \"type\": \"Column\",\n                    \"items\": [\n                        {\n                            \"type\": \"Image\",\n                            \"style\": \"Person\",\n                            \"url\": \"https://www.bscai.org/Portals/0/BSCAI_163639-17_Onboarding.jpg\",\n                            \"size\": \"Small\"\n                        }\n                    ],\n                    \"width\": \"auto\",\n                    \"backgroundImage\": {\n                        \"url\": \"https://www.bscai.org/Portals/0/BSCAI_163639-17_Onboarding.jpg\",\n                        \"horizontalAlignment\": \"Center\",\n                        \"verticalAlignment\": \"Center\"\n                    }\n                },\n                {\n                    \"type\": \"Column\",\n                    \"items\": [\n                        {\n                            \"type\": \"TextBlock\",\n                            \"weight\": \"Bolder\",\n                            \"text\": \"Please find Details Below:\",\n                            \"wrap\": true\n                        }\n                    ],\n                    \"width\": \"stretch\"\n                }\n            ]\n        },\n        {\n            \"type\": \"TextBlock\",\n            \"text\": \"The reponse to entity form has been submitted\",\n            \"wrap\": true\n        },\n        {\n            \"type\": \"FactSet\",\n            \"facts\": [\n                {\n                    \"title\": \"Name:\",\n                    \"value\": \"@{body('Get_the_employee_information_for_this_BPF')?['cre25_fullname']}\"\n                },\n                {\n                    \"title\": \"Start Date:\",\n                    \"value\": \"@{body('Get_the_employee_information_for_this_BPF')?['cre25_startdate']}\"\n                },\n                {\n                    \"title\": \"Employee Record URL\",\n                    \"value\": \"@{variables('Employee Record URL')}\"\n                },\n                {\n                    \"title\": \"Stage:\",\n                    \"value\": \"Recruiter\"\n                }\n            ]\n        }\n    ],\n    \"actions\": [\n        {\n            \"type\": \"Action.OpenUrl\",\n            \"title\": \"View Reponse\",\n            \"url\": \"https://highresbiosolutions.sharepoint.com/sites/Proj_CRM/Lists/New%20Employee%20Onboarding/AllItems.aspx\",\n            \"style\": \"positive\"\n        }\n    ],\n    \"$schema\": \"http://adaptivecards.io/schemas/adaptive-card.json\",\n    \"version\": \"1.0\"\n}"},"path":"/flowbot/actions/adaptivecard/recipienttypes/user","authentication":"@parameters('$authentication')"}}}},"Notify_Rockport":{"case":"Rockport","actions":{"Email_to_Rockport":{"runAfter":{"Convert_time_zone_(Rockport)":["Succeeded"]},"metadata":{"flowSystemMetadata":{"swaggerOperationId":"SendEmailV3"}},"type":"ApiConnection","inputs":{"host":{"connection":{"name":"@parameters('$connections')['shared_sendmail']['connectionId']"},"api":{"runtimeUrl":"https://flow-apim-msmanaged-na-centralus-01.azure-apim.net/apim/sendmail"}},"method":"post","body":{"to":"AGoel@highresbio.com;","subject":"We have new hire: @{body('Get_the_employee_information_for_this_BPF')?['cre25_fullname']}","text":"<p>Hi Rockport team,<br>\n<br>\nWe have new hire in the team.</p>\n<ul>\n  <li>Employee Name: @{body('Get_the_employee_information_for_this_BPF')?['cre25_fullname']}</li>\n  <li>Start Date: @{body('Convert_time_zone_(Rockport)')}</li>\n<li>Joining in: @{variables('Difference between Start date and today''s date')} days</li>\n</ul>\n<p>Please take a moment to complete the information.</p>\n<p>Access information here: @{variables('Employee Record URL')}<br>\n<br>\nRegards,<br>\nHighres Onboarding team</p>","ishtml":true},"path":"/v3/mail/send","authentication":"@parameters('$authentication')"}},"Get_items_for_current_employee_(Rockport)":{"runAfter":{"Email_to_Rockport":["Succeeded"]},"metadata":{"flowSystemMetadata":{"swaggerOperationId":"GetItems"}},"type":"ApiConnection","inputs":{"host":{"connection":{"name":"@parameters('$connections')['shared_sharepointonline']['connectionId']"},"api":{"runtimeUrl":"https://flow-apim-msmanaged-na-centralus-01.azure-apim.net/apim/sharepointonline"}},"method":"get","path":"/datasets/@{encodeURIComponent(encodeURIComponent('https://highresbiosolutions.sharepoint.com/sites/Proj_CRM'))}/tables/@{encodeURIComponent(encodeURIComponent('0a0289ab-2840-4b06-b548-58b12ef5bd85'))}/items","queries":{"$filter":"Title eq '@{body('Get_the_employee_information_for_this_BPF')?['cre25_fullname']}' and StartDate eq '@{body('Get_the_employee_information_for_this_BPF')?['cre25_startdate']}'","$top":1},"authentication":"@parameters('$authentication')"}},"Apply_to_each_item_for_given_employee_(Rockport)":{"foreach":"@body('Get_items_for_current_employee_(Rockport)')?['value']","actions":{"Update_sharepoint_list_for_Rockport":{"runAfter":{},"metadata":{"flowSystemMetadata":{"swaggerOperationId":"PatchItem"}},"type":"ApiConnection","inputs":{"host":{"connection":{"name":"@parameters('$connections')['shared_sharepointonline']['connectionId']"},"api":{"runtimeUrl":"https://flow-apim-msmanaged-na-centralus-01.azure-apim.net/apim/sharepointonline"}},"method":"patch","body":{"Title":"@body('Get_the_employee_information_for_this_BPF')?['cre25_fullname']","StartDate":"@body('Get_the_employee_information_for_this_BPF')?['cre25_startdate']","ReportingManagerEmail":"@body('Get_the_employee_information_for_this_BPF')?['cre25_reportingmanager']","CurrentStage":"Rockport","Status":{"Value":"Pending"},"ReportingManagerActionCompleted":true,"RockportActionCompleted":false,"FinanceActionCompleted":false,"LogisticsActionCompleted":false,"HRActionCompleted":false,"PowerappsURL":"@variables('Employee Record URL')"},"path":"/datasets/@{encodeURIComponent(encodeURIComponent('https://highresbiosolutions.sharepoint.com/sites/Proj_CRM'))}/tables/@{encodeURIComponent(encodeURIComponent('0a0289ab-2840-4b06-b548-58b12ef5bd85'))}/items/@{encodeURIComponent(items('Apply_to_each_item_for_given_employee_(Rockport)')?['ID'])}","authentication":"@parameters('$authentication')"}}},"runAfter":{"Get_items_for_current_employee_(Rockport)":["Succeeded"]},"type":"Foreach"},"Convert_time_zone_(Rockport)":{"runAfter":{},"type":"Expression","kind":"ConvertTimeZone","inputs":{"baseTime":"@body('Get_the_employee_information_for_this_BPF')?['cre25_startdate']","formatString":"D","sourceTimeZone":"UTC","destinationTimeZone":"UTC"}}}},"Notify_Finance":{"case":"Finance","actions":{"Email_to_Finance":{"runAfter":{"Convert_time_zone_(Finance)":["Succeeded"]},"metadata":{"flowSystemMetadata":{"swaggerOperationId":"SendEmailV3"}},"type":"ApiConnection","inputs":{"host":{"connection":{"name":"@parameters('$connections')['shared_sendmail']['connectionId']"},"api":{"runtimeUrl":"https://flow-apim-msmanaged-na-centralus-01.azure-apim.net/apim/sendmail"}},"method":"post","body":{"to":"AGoel@highresbio.com;","subject":"We have new hire: @{body('Get_the_employee_information_for_this_BPF')?['cre25_fullname']}","text":"<p>Hi Finance team,<br>\n<br>\nWe have new hire in the team.</p>\n<ul>\n  <li>Employee Name: @{body('Get_the_employee_information_for_this_BPF')?['cre25_fullname']}</li>\n  <li>Start Date: @{body('Convert_time_zone_(Finance)')}</li>\n<li>Joining in: @{variables('Difference between Start date and today''s date')} days</li>\n</ul>\n<p>Please take a moment to complete the information.</p>\n<p>Access information here: @{variables('Employee Record URL')}<br>\n<br>\nRegards,<br>\nHighres Onboarding team</p>","ishtml":true},"path":"/v3/mail/send","authentication":"@parameters('$authentication')"}},"Get_items_for_current_employee_(Finance)":{"runAfter":{"Email_to_Finance":["Succeeded"]},"metadata":{"flowSystemMetadata":{"swaggerOperationId":"GetItems"}},"type":"ApiConnection","inputs":{"host":{"connection":{"name":"@parameters('$connections')['shared_sharepointonline']['connectionId']"},"api":{"runtimeUrl":"https://flow-apim-msmanaged-na-centralus-01.azure-apim.net/apim/sharepointonline"}},"method":"get","path":"/datasets/@{encodeURIComponent(encodeURIComponent('https://highresbiosolutions.sharepoint.com/sites/Proj_CRM'))}/tables/@{encodeURIComponent(encodeURIComponent('0a0289ab-2840-4b06-b548-58b12ef5bd85'))}/items","queries":{"$filter":"Title eq '@{body('Get_the_employee_information_for_this_BPF')?['cre25_fullname']}' and StartDate eq '@{body('Get_the_employee_information_for_this_BPF')?['cre25_startdate']}'","$top":1},"authentication":"@parameters('$authentication')"}},"Apply_to_each_item_for_given_employee_(Finance)":{"foreach":"@body('Get_items_for_current_employee_(Finance)')?['value']","actions":{"Update_Sharepoint_list_for_Finance":{"runAfter":{},"metadata":{"flowSystemMetadata":{"swaggerOperationId":"PatchItem"}},"type":"ApiConnection","inputs":{"host":{"connection":{"name":"@parameters('$connections')['shared_sharepointonline']['connectionId']"},"api":{"runtimeUrl":"https://flow-apim-msmanaged-na-centralus-01.azure-apim.net/apim/sharepointonline"}},"method":"patch","body":{"Title":"@body('Get_the_employee_information_for_this_BPF')?['cre25_fullname']","StartDate":"@body('Get_the_employee_information_for_this_BPF')?['cre25_startdate']","ReportingManagerEmail":"@body('Get_the_employee_information_for_this_BPF')?['cre25_reportingmanager']","CurrentStage":"Finance","Status":{"Value":"Pending"},"ReportingManagerActionCompleted":true,"RockportActionCompleted":true,"FinanceActionCompleted":false,"LogisticsActionCompleted":false,"HRActionCompleted":false,"PowerappsURL":"@variables('Employee Record URL')"},"path":"/datasets/@{encodeURIComponent(encodeURIComponent('https://highresbiosolutions.sharepoint.com/sites/Proj_CRM'))}/tables/@{encodeURIComponent(encodeURIComponent('0a0289ab-2840-4b06-b548-58b12ef5bd85'))}/items/@{encodeURIComponent(items('Apply_to_each_item_for_given_employee_(Finance)')?['ID'])}","authentication":"@parameters('$authentication')"}}},"runAfter":{"Get_items_for_current_employee_(Finance)":["Succeeded"]},"type":"Foreach"},"Convert_time_zone_(Finance)":{"runAfter":{},"type":"Expression","kind":"ConvertTimeZone","inputs":{"baseTime":"@body('Get_the_employee_information_for_this_BPF')?['cre25_startdate']","formatString":"D","sourceTimeZone":"UTC","destinationTimeZone":"UTC"}}}},"Notify_Logistics":{"case":"Logistics","actions":{"Email_to_Logistics":{"runAfter":{"_Convert_Time_Zone_(Logistics)":["Succeeded"]},"metadata":{"flowSystemMetadata":{"swaggerOperationId":"SendEmailV3"}},"type":"ApiConnection","inputs":{"host":{"connection":{"name":"@parameters('$connections')['shared_sendmail']['connectionId']"},"api":{"runtimeUrl":"https://flow-apim-msmanaged-na-centralus-01.azure-apim.net/apim/sendmail"}},"method":"post","body":{"to":"AGoel@highresbio.com;","subject":"We have new hire: @{body('Get_the_employee_information_for_this_BPF')?['cre25_fullname']}","text":"<p>Hi Logistics team,<br>\n<br>\nWe have new hire in the team.</p>\n<ul>\n  <li>Employee Name: @{body('Get_the_employee_information_for_this_BPF')?['cre25_fullname']}</li>\n  <li>Start Date: @{body('_Convert_Time_Zone_(Logistics)')}</li>\n<li>Joining in: @{variables('Difference between Start date and today''s date')} days</li>\n</ul>\n<p>Please take a moment to complete the information.<br>\n<br>\nAccess information here: @{variables('Employee Record URL')}<br>\n<br>\nRegards,<br>\nHighres Onboarding team</p>","ishtml":true},"path":"/v3/mail/send","authentication":"@parameters('$authentication')"}},"Get_items_for_current_employee_(Logistics)":{"runAfter":{"Email_to_Logistics":["Succeeded"]},"metadata":{"flowSystemMetadata":{"swaggerOperationId":"GetItems"}},"type":"ApiConnection","inputs":{"host":{"connection":{"name":"@parameters('$connections')['shared_sharepointonline']['connectionId']"},"api":{"runtimeUrl":"https://flow-apim-msmanaged-na-centralus-01.azure-apim.net/apim/sharepointonline"}},"method":"get","path":"/datasets/@{encodeURIComponent(encodeURIComponent('https://highresbiosolutions.sharepoint.com/sites/Proj_CRM'))}/tables/@{encodeURIComponent(encodeURIComponent('0a0289ab-2840-4b06-b548-58b12ef5bd85'))}/items","queries":{"$filter":"Title eq '@{body('Get_the_employee_information_for_this_BPF')?['cre25_fullname']}' and StartDate eq '@{body('Get_the_employee_information_for_this_BPF')?['cre25_startdate']}'","$top":1},"authentication":"@parameters('$authentication')"}},"Apply_to_each_item_for_given_employee_(Logistics)":{"foreach":"@body('Get_items_for_current_employee_(Logistics)')?['value']","actions":{"Update_Sharepoint_list_for_Logistics":{"runAfter":{},"metadata":{"flowSystemMetadata":{"swaggerOperationId":"PatchItem"}},"type":"ApiConnection","inputs":{"host":{"connection":{"name":"@parameters('$connections')['shared_sharepointonline']['connectionId']"},"api":{"runtimeUrl":"https://flow-apim-msmanaged-na-centralus-01.azure-apim.net/apim/sharepointonline"}},"method":"patch","body":{"Title":"@body('Get_the_employee_information_for_this_BPF')?['cre25_fullname']","StartDate":"@body('Get_the_employee_information_for_this_BPF')?['cre25_startdate']","ReportingManagerEmail":"@body('Get_the_employee_information_for_this_BPF')?['cre25_reportingmanager']","CurrentStage":"Logistics","Status":{"Value":"Pending"},"ReportingManagerActionCompleted":true,"RockportActionCompleted":true,"FinanceActionCompleted":true,"LogisticsActionCompleted":false,"HRActionCompleted":false,"PowerappsURL":"@variables('Employee Record URL')"},"path":"/datasets/@{encodeURIComponent(encodeURIComponent('https://highresbiosolutions.sharepoint.com/sites/Proj_CRM'))}/tables/@{encodeURIComponent(encodeURIComponent('0a0289ab-2840-4b06-b548-58b12ef5bd85'))}/items/@{encodeURIComponent(items('Apply_to_each_item_for_given_employee_(Logistics)')?['ID'])}","authentication":"@parameters('$authentication')"}}},"runAfter":{"Get_items_for_current_employee_(Logistics)":["Succeeded"]},"type":"Foreach"},"_Convert_Time_Zone_(Logistics)":{"runAfter":{},"type":"Expression","kind":"ConvertTimeZone","inputs":{"baseTime":"@body('Get_the_employee_information_for_this_BPF')?['cre25_startdate']","formatString":"D","sourceTimeZone":"UTC","destinationTimeZone":"UTC"}}}},"Notify_HR_(or_Employee)":{"case":"HR","actions":{"Get_items_for_current_employee_(HR_-_new)":{"runAfter":{},"metadata":{"flowSystemMetadata":{"swaggerOperationId":"GetItems"}},"type":"ApiConnection","inputs":{"host":{"connection":{"name":"@parameters('$connections')['shared_sharepointonline']['connectionId']"},"api":{"runtimeUrl":"https://flow-apim-msmanaged-na-centralus-01.azure-apim.net/apim/sharepointonline"}},"method":"get","path":"/datasets/@{encodeURIComponent(encodeURIComponent('https://highresbiosolutions.sharepoint.com/sites/Proj_CRM'))}/tables/@{encodeURIComponent(encodeURIComponent('0a0289ab-2840-4b06-b548-58b12ef5bd85'))}/items","queries":{"$filter":"Title eq '@{body('Get_the_employee_information_for_this_BPF')?['cre25_fullname']}' and StartDate eq '@{body('Get_the_employee_information_for_this_BPF')?['cre25_startdate']}'","$top":1},"authentication":"@parameters('$authentication')"}},"Apply_to_each_2":{"foreach":"@body('Get_items_for_current_employee_(HR_-_new)')?['value']","actions":{"Set_variable_HR_Action_Completed":{"runAfter":{},"type":"SetVariable","inputs":{"name":"HR Action Completed","value":"@{items('Apply_to_each_2')?['HRActionCompleted']}"}},"Check_if_HR_action_is_completed_and_notification_sent_to_HR_(value_=_No)":{"actions":{"Notify_HR":{"runAfter":{"Convert_time_zone_(HR)":["Succeeded"]},"metadata":{"flowSystemMetadata":{"swaggerOperationId":"SendEmailV3"}},"type":"ApiConnection","inputs":{"host":{"connection":{"name":"@parameters('$connections')['shared_sendmail']['connectionId']"},"api":{"runtimeUrl":"https://flow-apim-msmanaged-na-centralus-01.azure-apim.net/apim/sendmail"}},"method":"post","body":{"to":"AGoel@highresbio.com;","subject":"We have new hire: @{body('Get_the_employee_information_for_this_BPF')?['cre25_fullname']}","text":"<p>Hi HR team,<br>\n<br>\nWe have new hire in the team.</p>\n<ul>\n  <li>Employee Name: @{body('Get_the_employee_information_for_this_BPF')?['cre25_fullname']}</li>\n  <li>Start Date: @{body('Convert_time_zone_(HR)')}</li>\n<li>Joining in: @{variables('Difference between Start date and today''s date')} days</li>\n</ul>\n<p>Please take a moment to complete the information.<br>\n<br>\nAccess information here: @{variables('Employee Record URL')}<br>\n<br>\nRegards,<br>\nHighres Onboarding team</p>","ishtml":true},"path":"/v3/mail/send","authentication":"@parameters('$authentication')"}},"Update_item_for_current_employee_(HR_1)":{"runAfter":{"Notify_HR":["Succeeded"]},"metadata":{"flowSystemMetadata":{"swaggerOperationId":"PatchItem"}},"type":"ApiConnection","inputs":{"host":{"connection":{"name":"@parameters('$connections')['shared_sharepointonline']['connectionId']"},"api":{"runtimeUrl":"https://flow-apim-msmanaged-na-centralus-01.azure-apim.net/apim/sharepointonline"}},"method":"patch","body":{"Title":"@body('Get_the_employee_information_for_this_BPF')?['cre25_fullname']","StartDate":"@body('Get_the_employee_information_for_this_BPF')?['cre25_startdate']","ReportingManagerEmail":"@body('Get_the_employee_information_for_this_BPF')?['cre25_reportingmanager']","CurrentStage":"HR","Status":{"Value":"Pending"},"ReportingManagerActionCompleted":true,"RockportActionCompleted":true,"FinanceActionCompleted":true,"LogisticsActionCompleted":true,"HRActionCompleted":false,"PowerappsURL":"@variables('Employee Record URL')","HRNotified":true},"path":"/datasets/@{encodeURIComponent(encodeURIComponent('https://highresbiosolutions.sharepoint.com/sites/Proj_CRM'))}/tables/@{encodeURIComponent(encodeURIComponent('0a0289ab-2840-4b06-b548-58b12ef5bd85'))}/items/@{encodeURIComponent(items('Apply_to_each_2')?['ID'])}","authentication":"@parameters('$authentication')"}},"Convert_time_zone_(HR)":{"runAfter":{},"type":"Expression","kind":"ConvertTimeZone","inputs":{"baseTime":"@body('Get_the_employee_information_for_this_BPF')?['cre25_startdate']","formatString":"D","sourceTimeZone":"UTC","destinationTimeZone":"UTC"}}},"runAfter":{"Set_variable_HR_Action_Completed":["Succeeded"]},"else":{"actions":{"Update_item_for_current_employee_(HR_2)":{"runAfter":{},"metadata":{"flowSystemMetadata":{"swaggerOperationId":"PatchItem"}},"type":"ApiConnection","inputs":{"host":{"connection":{"name":"@parameters('$connections')['shared_sharepointonline']['connectionId']"},"api":{"runtimeUrl":"https://flow-apim-msmanaged-na-centralus-01.azure-apim.net/apim/sharepointonline"}},"method":"patch","body":{"Title":"@body('Get_the_employee_information_for_this_BPF')?['cre25_fullname']","StartDate":"@body('Get_the_employee_information_for_this_BPF')?['cre25_startdate']","ReportingManagerEmail":"@body('Get_the_employee_information_for_this_BPF')?['cre25_reportingmanager']","CurrentStage":"Finished","Status":{"Value":"Completed"},"ReportingManagerActionCompleted":true,"RockportActionCompleted":true,"FinanceActionCompleted":true,"LogisticsActionCompleted":true,"HRActionCompleted":true,"PowerappsURL":"@variables('Employee Record URL')","HRNotified":true},"path":"/datasets/@{encodeURIComponent(encodeURIComponent('https://highresbiosolutions.sharepoint.com/sites/Proj_CRM'))}/tables/@{encodeURIComponent(encodeURIComponent('0a0289ab-2840-4b06-b548-58b12ef5bd85'))}/items/@{encodeURIComponent(items('Apply_to_each_2')?['ID'])}","authentication":"@parameters('$authentication')"}},"Email_to_Employee":{"runAfter":{"Update_item_for_current_employee_(HR_2)":["Succeeded"]},"metadata":{"flowSystemMetadata":{"swaggerOperationId":"SendEmailV3"}},"type":"ApiConnection","inputs":{"host":{"connection":{"name":"@parameters('$connections')['shared_sendmail']['connectionId']"},"api":{"runtimeUrl":"https://flow-apim-msmanaged-na-centralus-01.azure-apim.net/apim/sendmail"}},"method":"post","body":{"to":"@{body('Get_the_employee_information_for_this_BPF')?['cre25_employeecorporateemail']};","subject":"Welcome to HighRes Biosolutions: @{body('Get_the_employee_information_for_this_BPF')?['cre25_fullname']}","text":"<p>Hi @{body('Get_the_employee_information_for_this_BPF')?['cre25_fullname']},<br>\n<br>\nWelcome to Highres Biosolutions!<br>\n<br>\nHere is some information to help you get started. You will be receiving an email from our HRIS system, iSolved with login information.<br>\n<br>\nPlease make sure you complete the following tasks in iSolved:</p>\n<ul>\n  <li>Review/Sign HighRes Policies and Waivers</li>\n  <li>Review/Update Contact Information</li>\n  <li>Add Emergency Contacts</li>\n  <li>Enter Direct Deposit Information</li>\n  <li>Benefits Enrollment (if applicable)</li>\n</ul>\n<p><br>\nAll HR policies, notifications, and important documentation live on our <a href=\"https://highresbiosolutions.sharepoint.com/sites/HighResCompanySite\">HighRes Intranet page.</a> &nbsp;<br>\n<br>\nIf you have any questions, please feel free to reach out to <a href=\"mailto:hradmin@highresbio.com\">Human Resources</a>.<br>\n<br>\n<br>\nRegards,<br>\nHighres Onboarding team</p>","ishtml":true,"cc":"@body('Get_the_employee_information_for_this_BPF')?['cre25_reportingmanager']"},"path":"/v3/mail/send","authentication":"@parameters('$authentication')"}}}},"expression":{"and":[{"equals":["@items('Apply_to_each_2')?['HRActionCompleted']",false]},{"equals":["@items('Apply_to_each_2')?['HRNotified']",false]}]},"type":"If"}},"runAfter":{"Get_items_for_current_employee_(HR_-_new)":["Succeeded"]},"type":"Foreach"}}},"Employee_Off-Boarding_starts":{"case":"Employee Off-Boarding","actions":{"Get_items_for_Employee_Off-Boarding":{"runAfter":{},"metadata":{"flowSystemMetadata":{"swaggerOperationId":"GetItems"}},"type":"ApiConnection","inputs":{"host":{"connection":{"name":"@parameters('$connections')['shared_sharepointonline_1']['connectionId']"},"api":{"runtimeUrl":"https://flow-apim-msmanaged-na-centralus-01.azure-apim.net/apim/sharepointonline"}},"method":"get","path":"/datasets/@{encodeURIComponent(encodeURIComponent('https://highresbiosolutions.sharepoint.com/sites/Proj_CRM'))}/tables/@{encodeURIComponent(encodeURIComponent('33089b4f-452c-4439-a3d5-c7d16638541a'))}/items","queries":{"$filter":"Title eq '@{body('Get_the_employee_information_for_this_BPF')?['cre25_fullname']}' and Start_x0020_Date eq '@{body('Get_the_employee_information_for_this_BPF')?['cre25_startdate']}'","$top":1},"authentication":"@parameters('$authentication')"}},"Apply_to_each_item_for_given_employees":{"foreach":"@body('Get_items_for_Employee_Off-Boarding')?['value']","actions":{"Update_item_for_Off-Boarding_employees":{"runAfter":{},"metadata":{"flowSystemMetadata":{"swaggerOperationId":"PatchItem"}},"type":"ApiConnection","inputs":{"host":{"connection":{"name":"@parameters('$connections')['shared_sharepointonline_1']['connectionId']"},"api":{"runtimeUrl":"https://flow-apim-msmanaged-na-centralus-01.azure-apim.net/apim/sharepointonline"}},"method":"patch","body":{"Title":"@body('Get_the_employee_information_for_this_BPF')?['cre25_fullname']","Start_x0020_Date":"@items('Apply_to_each_item_for_given_employees')?['Start_x0020_Date']","CurrentStage":"Off-Boarding HR","ReportingManagerEmail":"@body('Get_the_employee_information_for_this_BPF')?['cre25_reportingmanager']","PowerAppsURL":"@variables('Employee Record URL')","Status":{"Value":"Pending"},"HRActionCompleted":false,"RockportActionCompleted":false,"FinanceActionCompleted":false,"EndDate":"@body('Get_the_employee_information_for_this_BPF')?['cre25_offboardingenddate']","HRNotified":false},"path":"/datasets/@{encodeURIComponent(encodeURIComponent('https://highresbiosolutions.sharepoint.com/sites/Proj_CRM'))}/tables/@{encodeURIComponent(encodeURIComponent('33089b4f-452c-4439-a3d5-c7d16638541a'))}/items/@{encodeURIComponent(items('Apply_to_each_item_for_given_employees')?['ID'])}","authentication":"@parameters('$authentication')"}}},"runAfter":{"Get_items_for_Employee_Off-Boarding":["Succeeded"]},"type":"Foreach"}}},"Notify_HR_(Off-Boarding)":{"case":"Off-Boarding HR","actions":{"Convert_time_zone":{"runAfter":{},"type":"Expression","kind":"ConvertTimeZone","inputs":{"baseTime":"@body('Get_the_employee_information_for_this_BPF')?['cre25_offboardingenddate']","formatString":"d","sourceTimeZone":"UTC","destinationTimeZone":"UTC"}},"Set_Tick_for_End_date_of_employee":{"runAfter":{"Convert_time_zone":["Succeeded"]},"type":"SetVariable","inputs":{"name":"Tick for End date of employee","value":"@ticks(body('Get_the_employee_information_for_this_BPF')?['cre25_offboardingenddate'])"}},"Set_difference_between_End_date_and_today's_date":{"runAfter":{"Set_Tick_for_End_date_of_employee":["Succeeded"]},"type":"SetVariable","inputs":{"name":"Difference between End date and today's date","value":"@div(sub(variables('Tick for End date of employee'), variables('Tick for Today''s date')), 864000000000)"}},"Email_Notification_HR_(Off-Boarding)":{"runAfter":{"Set_difference_between_End_date_and_today's_date":["Succeeded"]},"metadata":{"flowSystemMetadata":{"swaggerOperationId":"SendEmailV3"}},"type":"ApiConnection","inputs":{"host":{"connection":{"name":"@parameters('$connections')['shared_sendmail_1']['connectionId']"},"api":{"runtimeUrl":"https://flow-apim-msmanaged-na-westus2-01.azure-apim.net/apim/sendmail"}},"method":"post","body":{"to":"AGoel@highresbio.com;","subject":"Employee Off-Boarding : @{body('Get_the_employee_information_for_this_BPF')?['cre25_fullname']}","text":"<p>Hi HR team,<br>\n<br>\nPlease start the Off-Boarding process given employee:</p>\n<ul>\n <li>Employee Name: @{body('Get_the_employee_information_for_this_BPF')?['cre25_fullname']}</li>\n <li>End Date: @{body('Convert_time_zone')}</li>\n<li>Ending in: @{variables('Difference between End date and today''s date')} days</li>\n</ul>\n<p>Please take a moment to complete the information.<br>\n<br>\nAccess information here: @{variables('Employee Record URL')}<br>\n<br>\nRegards,<br>\nHighres Onboarding team</p>","ishtml":true},"path":"/v3/mail/send","authentication":"@parameters('$authentication')"}}}},"Notify_Rockport_(Off-Boarding)":{"case":"Off-Boarding Rockport","actions":{"Convert_time_zone_2":{"runAfter":{},"type":"Expression","kind":"ConvertTimeZone","inputs":{"baseTime":"@body('Get_the_employee_information_for_this_BPF')?['cre25_offboardingenddate']","formatString":"d","sourceTimeZone":"UTC","destinationTimeZone":"UTC"}},"Email_Notification_Rockport_(Off-Boarding)":{"runAfter":{"Convert_time_zone_2":["Succeeded"]},"metadata":{"flowSystemMetadata":{"swaggerOperationId":"SendEmailV3"}},"type":"ApiConnection","inputs":{"host":{"connection":{"name":"@parameters('$connections')['shared_sendmail_1']['connectionId']"},"api":{"runtimeUrl":"https://flow-apim-msmanaged-na-westus2-01.azure-apim.net/apim/sendmail"}},"method":"post","body":{"to":"AGoel@highresbio.com;","subject":"Employee Off-Boarding: @{body('Get_the_employee_information_for_this_BPF')?['cre25_fullname']}","text":"<p><br></p>\n<p>Hi Rockport team,<br>\n<br>\nPlease start the Employee Off-Boarding process of the given employee.</p>\n<ul>\n <li>Employee Name: @{body('Get_the_employee_information_for_this_BPF')?['cre25_fullname']}</li>\n <li>End Date: @{body('Convert_time_zone_2')}</li>\n<li>Ending in: @{variables('Difference between End date and today''s date')} days</li>\n</ul>\n<p>Please take a moment to complete the information.</p>\n<p>Access information here: @{variables('Employee Record URL')}<br>\n<br>\nRegards,<br>\nHighres Onboarding team</p>","ishtml":true},"path":"/v3/mail/send","authentication":"@parameters('$authentication')"}},"Get_items_(Rockport)":{"runAfter":{"Email_Notification_Rockport_(Off-Boarding)":["Succeeded"]},"metadata":{"flowSystemMetadata":{"swaggerOperationId":"GetItems"}},"type":"ApiConnection","inputs":{"host":{"connection":{"name":"@parameters('$connections')['shared_sharepointonline_1']['connectionId']"},"api":{"runtimeUrl":"https://flow-apim-msmanaged-na-centralus-01.azure-apim.net/apim/sharepointonline"}},"method":"get","path":"/datasets/@{encodeURIComponent(encodeURIComponent('https://highresbiosolutions.sharepoint.com/sites/Proj_CRM'))}/tables/@{encodeURIComponent(encodeURIComponent('33089b4f-452c-4439-a3d5-c7d16638541a'))}/items","queries":{"$filter":"Title eq '@{body('Get_the_employee_information_for_this_BPF')?['cre25_fullname']}' and Start_x0020_Date eq '@{body('Get_the_employee_information_for_this_BPF')?['cre25_startdate']}'","$top":1},"authentication":"@parameters('$authentication')"}},"Apply_to_each":{"foreach":"@body('Get_items_(Rockport)')?['value']","actions":{"Update_item_for_Rockport_Stage":{"runAfter":{},"metadata":{"flowSystemMetadata":{"swaggerOperationId":"PatchItem"}},"type":"ApiConnection","inputs":{"host":{"connection":{"name":"@parameters('$connections')['shared_sharepointonline_1']['connectionId']"},"api":{"runtimeUrl":"https://flow-apim-msmanaged-na-centralus-01.azure-apim.net/apim/sharepointonline"}},"method":"patch","body":{"Title":"@body('Get_the_employee_information_for_this_BPF')?['cre25_fullname']","Start_x0020_Date":"@body('Get_the_employee_information_for_this_BPF')?['cre25_startdate']","CurrentStage":"Off-Boarding Rockport","ReportingManagerEmail":"@body('Get_the_employee_information_for_this_BPF')?['cre25_reportingmanager']","PowerAppsURL":"@variables('Employee Record URL')","Status":{"Value":"Pending"},"HRActionCompleted":true,"RockportActionCompleted":false,"FinanceActionCompleted":false,"EndDate":"@body('Get_the_employee_information_for_this_BPF')?['cre25_offboardingenddate']","HRNotified":false},"path":"/datasets/@{encodeURIComponent(encodeURIComponent('https://highresbiosolutions.sharepoint.com/sites/Proj_CRM'))}/tables/@{encodeURIComponent(encodeURIComponent('33089b4f-452c-4439-a3d5-c7d16638541a'))}/items/@{encodeURIComponent(items('Apply_to_each')?['ID'])}","authentication":"@parameters('$authentication')"}}},"runAfter":{"Get_items_(Rockport)":["Succeeded"]},"type":"Foreach"}}},"Notify_Finance_(Off-Boarding)":{"case":"Off-Boarding Finance","actions":{"Convert_time_zone_3":{"runAfter":{},"type":"Expression","kind":"ConvertTimeZone","inputs":{"baseTime":"@body('Get_the_employee_information_for_this_BPF')?['cre25_offboardingenddate']","formatString":"d","sourceTimeZone":"UTC","destinationTimeZone":"UTC"}},"Get_items_(Finance)":{"runAfter":{"Convert_time_zone_3":["Succeeded"]},"metadata":{"flowSystemMetadata":{"swaggerOperationId":"GetItems"}},"type":"ApiConnection","inputs":{"host":{"connection":{"name":"@parameters('$connections')['shared_sharepointonline_1']['connectionId']"},"api":{"runtimeUrl":"https://flow-apim-msmanaged-na-centralus-01.azure-apim.net/apim/sharepointonline"}},"method":"get","path":"/datasets/@{encodeURIComponent(encodeURIComponent('https://highresbiosolutions.sharepoint.com/sites/Proj_CRM'))}/tables/@{encodeURIComponent(encodeURIComponent('33089b4f-452c-4439-a3d5-c7d16638541a'))}/items","queries":{"$filter":"Title eq '@{body('Get_the_employee_information_for_this_BPF')?['cre25_fullname']}' and Start_x0020_Date eq '@{body('Get_the_employee_information_for_this_BPF')?['cre25_startdate']}'","$top":1},"authentication":"@parameters('$authentication')"}},"Apply_to_each_3":{"foreach":"@body('Get_items_(Finance)')?['value']","actions":{"Condition_to_check_if_Finance_completed_or_not":{"actions":{"Email_notification_HR_(Completed)":{"runAfter":{},"metadata":{"flowSystemMetadata":{"swaggerOperationId":"SendEmailV3"}},"type":"ApiConnection","inputs":{"host":{"connection":{"name":"@parameters('$connections')['shared_sendmail_1']['connectionId']"},"api":{"runtimeUrl":"https://flow-apim-msmanaged-na-westus2-01.azure-apim.net/apim/sendmail"}},"method":"post","body":{"to":"AGoel@highresbio.com;","subject":"Employee Off-Boarding completed: @{body('Get_the_employee_information_for_this_BPF')?['cre25_fullname']}","text":"<p><br></p>\n<p>Hi HR team,<br>\n<br>\nEmployee Off-Boarding completed for the given employee.</p>\n<ul>\n <li>Employee Name: @{body('Get_the_employee_information_for_this_BPF')?['cre25_fullname']}</li>\n <li>End Date: @{body('Convert_time_zone_3')}</li>\n<li>Ending in: @{variables('Difference between End date and today''s date')} days</li>\n</ul>\n<p>Access information here: @{variables('Employee Record URL')}<br>\n<br>\nRegards,<br>\nHighres Onboarding team</p>\n","ishtml":true},"path":"/v3/mail/send","authentication":"@parameters('$authentication')"}},"Apply_to_each_(HR)":{"foreach":"@body('Get_items_(Finance)')?['value']","actions":{"Update_item":{"runAfter":{},"metadata":{"flowSystemMetadata":{"swaggerOperationId":"PatchItem"}},"type":"ApiConnection","inputs":{"host":{"connection":{"name":"@parameters('$connections')['shared_sharepointonline_1']['connectionId']"},"api":{"runtimeUrl":"https://flow-apim-msmanaged-na-centralus-01.azure-apim.net/apim/sharepointonline"}},"method":"patch","body":{"Title":"@body('Get_the_employee_information_for_this_BPF')?['cre25_fullname']","Start_x0020_Date":"@body('Get_the_employee_information_for_this_BPF')?['cre25_startdate']","CurrentStage":"Completed","ReportingManagerEmail":"@body('Get_the_employee_information_for_this_BPF')?['cre25_reportingmanager']","PowerAppsURL":"@variables('Employee Record URL')","Status":{"Value":"Completed"},"HRActionCompleted":true,"RockportActionCompleted":true,"FinanceActionCompleted":true,"EndDate":"@body('Get_the_employee_information_for_this_BPF')?['cre25_offboardingenddate']","HRNotified":true},"path":"/datasets/@{encodeURIComponent(encodeURIComponent('https://highresbiosolutions.sharepoint.com/sites/Proj_CRM'))}/tables/@{encodeURIComponent(encodeURIComponent('33089b4f-452c-4439-a3d5-c7d16638541a'))}/items/@{encodeURIComponent(items('Apply_to_each_(HR)')?['ID'])}","authentication":"@parameters('$authentication')"}}},"runAfter":{"Email_notification_HR_(Completed)":["Succeeded"]},"type":"Foreach"}},"runAfter":{},"else":{"actions":{"Email_notification_Finance_(Off-Boarding)":{"runAfter":{},"metadata":{"flowSystemMetadata":{"swaggerOperationId":"SendEmailV3"}},"type":"ApiConnection","inputs":{"host":{"connection":{"name":"@parameters('$connections')['shared_sendmail_1']['connectionId']"},"api":{"runtimeUrl":"https://flow-apim-msmanaged-na-westus2-01.azure-apim.net/apim/sendmail"}},"method":"post","body":{"to":"AGoel@highresbio.com;","subject":"Employee Off-Boarding: @{body('Get_the_employee_information_for_this_BPF')?['cre25_fullname']}","text":"<p><br></p>\n<p>Hi Finance team,<br>\n<br>\nPlease start the Off-Boarding process of given employee.</p>\n<ul>\n <li>Employee Name: @{body('Get_the_employee_information_for_this_BPF')?['cre25_fullname']}</li>\n <li>End Date: @{body('Convert_time_zone_3')}</li>\n<li>Ending in: @{variables('Difference between End date and today''s date')} days</li>\n</ul>\n<p>Please take a moment to complete the information.</p>\n<p>Access information here: @{variables('Employee Record URL')}<br>\n<br>\nRegards,<br>\nHighres Onboarding team</p>","ishtml":true},"path":"/v3/mail/send","authentication":"@parameters('$authentication')"}},"Apply_to_each_(Finance)":{"foreach":"@body('Get_items_(Finance)')?['value']","actions":{"Update_item_2":{"runAfter":{},"metadata":{"flowSystemMetadata":{"swaggerOperationId":"PatchItem"}},"type":"ApiConnection","inputs":{"host":{"connection":{"name":"@parameters('$connections')['shared_sharepointonline_1']['connectionId']"},"api":{"runtimeUrl":"https://flow-apim-msmanaged-na-centralus-01.azure-apim.net/apim/sharepointonline"}},"method":"patch","body":{"Title":"@body('Get_the_employee_information_for_this_BPF')?['cre25_fullname']","Start_x0020_Date":"@body('Get_the_employee_information_for_this_BPF')?['cre25_startdate']","CurrentStage":"Off-Boarding Finance","ReportingManagerEmail":"@body('Get_the_employee_information_for_this_BPF')?['cre25_reportingmanager']","PowerAppsURL":"@variables('Employee Record URL')","Status":{"Value":"Pending"},"HRActionCompleted":true,"RockportActionCompleted":true,"FinanceActionCompleted":false,"EndDate":"@body('Get_the_employee_information_for_this_BPF')?['cre25_offboardingenddate']","HRNotified":false},"path":"/datasets/@{encodeURIComponent(encodeURIComponent('https://highresbiosolutions.sharepoint.com/sites/Proj_CRM'))}/tables/@{encodeURIComponent(encodeURIComponent('33089b4f-452c-4439-a3d5-c7d16638541a'))}/items/@{encodeURIComponent(items('Apply_to_each_(Finance)')?['ID'])}","authentication":"@parameters('$authentication')"}}},"runAfter":{"Email_notification_Finance_(Off-Boarding)":["Succeeded"]},"type":"Foreach"}}},"expression":{"equals":["@body('Get_the_employee_information_for_this_BPF')?['cre25_offboardingdeactivatecreditcard']",true]},"type":"If"}},"runAfter":{"Get_items_(Finance)":["Succeeded"]},"type":"Foreach"}}}},"default":{"actions":{}},"expression":"@body('Get_the_Active_Stage')?['stagename']","type":"Switch"},"Insert_record_for_the_1st_time_only_(during_Reporting_manager_stage)":{"actions":{"Insert_into_Employee_Onboarding_list":{"runAfter":{},"metadata":{"flowSystemMetadata":{"swaggerOperationId":"PostItem"}},"type":"ApiConnection","inputs":{"host":{"connection":{"name":"@parameters('$connections')['shared_sharepointonline']['connectionId']"},"api":{"runtimeUrl":"https://flow-apim-msmanaged-na-centralus-01.azure-apim.net/apim/sharepointonline"}},"method":"post","body":{"Title":"@body('Get_the_employee_information_for_this_BPF')?['cre25_fullname']","StartDate":"@body('Get_the_employee_information_for_this_BPF')?['cre25_startdate']","ReportingManagerEmail":"@body('Get_the_employee_information_for_this_BPF')?['cre25_reportingmanager']","CurrentStage":"Reporting Manager","Status":{"Value":"Pending"},"ReportingManagerActionCompleted":false,"RockportActionCompleted":false,"FinanceActionCompleted":false,"LogisticsActionCompleted":false,"HRActionCompleted":false,"PowerappsURL":"@variables('Employee Record URL')","HRNotified":false,"OfficeLocation":{"Value":"@{body('Get_the_employee_information_for_this_BPF')?['_cre25_officelocation_label']}"}},"path":"/datasets/@{encodeURIComponent(encodeURIComponent('https://highresbiosolutions.sharepoint.com/sites/Proj_CRM'))}/tables/@{encodeURIComponent(encodeURIComponent('0a0289ab-2840-4b06-b548-58b12ef5bd85'))}/items","authentication":"@parameters('$authentication')"}},"Insert_into_Employee_Off-Boarding_list":{"runAfter":{"Insert_into_Employee_Onboarding_list":["Succeeded"]},"metadata":{"flowSystemMetadata":{"swaggerOperationId":"PostItem"}},"type":"ApiConnection","inputs":{"host":{"connection":{"name":"@parameters('$connections')['shared_sharepointonline_1']['connectionId']"},"api":{"runtimeUrl":"https://flow-apim-msmanaged-na-centralus-01.azure-apim.net/apim/sharepointonline"}},"method":"post","body":{"Title":"@body('Get_the_employee_information_for_this_BPF')?['cre25_fullname']","Start_x0020_Date":"@body('Get_the_employee_information_for_this_BPF')?['cre25_startdate']","CurrentStage":"On-Boarding","ReportingManagerEmail":"@body('Get_the_employee_information_for_this_BPF')?['cre25_reportingmanager']","PowerAppsURL":"@variables('Employee Record URL')","Status":{"Value":"Pending"},"HRActionCompleted":false,"RockportActionCompleted":false,"FinanceActionCompleted":false},"path":"/datasets/@{encodeURIComponent(encodeURIComponent('https://highresbiosolutions.sharepoint.com/sites/Proj_CRM'))}/tables/@{encodeURIComponent(encodeURIComponent('33089b4f-452c-4439-a3d5-c7d16638541a'))}/items","authentication":"@parameters('$authentication')"}}},"runAfter":{"Create_BPF_URL":["Succeeded"]},"expression":{"equals":["@body('Get_the_Active_Stage')?['stagename']","Reporting Manager"]},"type":"If"},"Initialize_HR_action_completed_variable":{"runAfter":{"Get_the_difference_between_Start_date_and_today's_date":["Succeeded"]},"type":"InitializeVariable","inputs":{"variables":[{"name":"HR Action Completed","type":"String"}]}},"Initialize_Full_start_date_of_employee_variable":{"runAfter":{"Initialize_HR_action_completed_variable":["Succeeded"]},"type":"InitializeVariable","inputs":{"variables":[{"name":"Full start date of employee","type":"String"}]}},"Initialize_Tick_for_Today's_date":{"runAfter":{"Get_the_employee_information_for_this_BPF":["Succeeded"]},"type":"InitializeVariable","inputs":{"variables":[{"name":"Tick for Today's date","type":"Integer","value":"@ticks(utcNow())"}]}},"Initialize_Tick_for_Start_date_of_employee":{"runAfter":{"Initialize_Tick_for_Today's_date":["Succeeded"]},"type":"InitializeVariable","inputs":{"variables":[{"name":"Tick for Start date of employee","type":"Integer"}]}},"Initialize_difference_between_Start_date_and_today's_date":{"runAfter":{"Initialize_Tick_for_End_date_of_employee":["Succeeded"]},"type":"InitializeVariable","inputs":{"variables":[{"name":"Difference between Start date and today's date","type":"Integer"}]}},"Set_Tick_for_Start_date_of_employee":{"runAfter":{"Initialize_difference_between_End_date_and_today's_date":["Succeeded"]},"type":"SetVariable","inputs":{"name":"Tick for Start date of employee","value":"@ticks(body('Get_the_employee_information_for_this_BPF')?['cre25_startdate'])"}},"Get_the_difference_between_Start_date_and_today's_date":{"runAfter":{"Set_Tick_for_Start_date_of_employee":["Succeeded"]},"type":"SetVariable","inputs":{"name":"Difference between Start date and today's date","value":"@\r\ndiv(sub(variables('Tick for Start date of employee'), variables('Tick for Today''s date')), 864000000000)"}},"Initialize_difference_between_End_date_and_today's_date":{"runAfter":{"Initialize_difference_between_Start_date_and_today's_date":["Succeeded"]},"type":"InitializeVariable","inputs":{"variables":[{"name":"Difference between End date and today's date","type":"Integer"}]}},"Initialize_Tick_for_End_date_of_employee":{"runAfter":{"Initialize_Tick_for_Start_date_of_employee":["Succeeded"]},"type":"InitializeVariable","inputs":{"variables":[{"name":"Tick for End date of employee","type":"Integer"}]}}}},"connectionReferences":{"shared_commondataservice_1":{"connectionName":"shared-commondataser-af6a9892-b285-42d6-be8b-1ad380dbef86","source":"Embedded","id":"/providers/Microsoft.PowerApps/apis/shared_commondataservice","tier":"NotSpecified"},"shared_sendmail":{"connectionName":"shared-sendmail-14acee3d-a550-47ad-bbd2-80246df6f4c0","source":"Embedded","id":"/providers/Microsoft.PowerApps/apis/shared_sendmail","tier":"NotSpecified"},"shared_office365users":{"connectionName":"shared-office365user-9a7a3dda-6be2-419e-a542-9c0662961616","source":"Embedded","id":"/providers/Microsoft.PowerApps/apis/shared_office365users","tier":"NotSpecified"},"shared_teams":{"connectionName":"shared-teams-f3528722-ff0b-4430-8328-76f039ae5557","source":"Embedded","id":"/providers/Microsoft.PowerApps/apis/shared_teams","tier":"NotSpecified"},"shared_sharepointonline":{"connectionName":"shared-sharepointonl-0a9ad24b-1f5a-4056-b43a-0d5bc9125982","source":"Embedded","id":"/providers/Microsoft.PowerApps/apis/shared_sharepointonline","tier":"NotSpecified"},"shared_sharepointonline_1":{"connectionName":"shared-sharepointonl-515be98f-9b49-4765-a624-44fdbb8dd46e","source":"Embedded","id":"/providers/Microsoft.PowerApps/apis/shared_sharepointonline","tier":"NotSpecified"},"shared_sendmail_1":{"connectionName":"shared-sendmail-bccdca2c-c48e-4333-885f-1a9d54de8c84","source":"Embedded","id":"/providers/Microsoft.PowerApps/apis/shared_sendmail","tier":"NotSpecified"}},"flowFailureAlertSubscribed":false}}